Country Name_Conversion,Country Code,2010 Conversion,2019 GDP in 2010USD,2017 GDP in 2010USD,2019_PPP2017,2017_PPP2017,2010_PPP2017,2019_Ag_ValueAdded_USD2010,2017_Ag_ValueAdded_USD2010,2019_Ag_ValueAdded_LCU,2017_Ag_ValueAdded_LCU,2019_IndustryConstr_ValueAdded_USD2010,2017_IndustryConstr_ValueAdded_USD2010,2019_IndustryConstr_ValueAdded_LCU,2017_IndustryConstr_ValueAdded_LCU,2017_Ag_PercentTotalEmployment,2019_Ag_PercentTotalEmployment,2017_Industry_PercentTotalEmployment,2019_Industry_PercentTotalEmployment,2019_Employment_Population15Plus_Ratio,2017_Employment_Population15Plus_Ratio,2019_Pop_Total_Thousands,2017_Pop_Total_Thousands,2017_PopulationPercent_Ages15to64,2019_PopulationPercent_Ages15to64
Aruba,ABW,1.29007138608678,,2805918209.60966,,4050523376.47918,3316870714.40258,,,,,,,,,,,,,,,106314,105366,68.9463394263804,68.3211994657336
Afghanistan,AFG,14.5467283978414,21808863988.0303,20741239893.4132,82033979456.0881,74711922904.5459,49924017472.3937,5418045779.5864,4825751915.85605,378773321234.637,339621177441.513,3147.42420620191,2998.19379024442,206597499669.385,129212852311.507,43.9900016784668,42.5,18.0300006866455,18.5499992370605,43.5299987792969,43.2200012207031,38041754,36296400,53.7632225246819,54.9119343971364
Angola,AGO,50.0527643624256,99013511554.0281,101673032530.175,221679454297.145,217987314775.762,153870650178.946,7510691979.01938,8500990460.88746,2158028871790.44,2029673372800,58445.0904241064,63356.28152665,17630586178265.8,8544195610000,50.9900016784668,50.7299995422363,7.19000005722046,6.80000019073486,72.0699996948242,72.0599975585938,31825295,29816748,50.8077871356001,51.17863322241
Albania,ALB,44.1623559306652,14872299622.2198,13977387390.5945,40598292705.047,36696861068.44,28070187015.0732,2568326518.85276,2528583664.93349,310045683299.031,294966000000,13126.7935838366,13360.9009355032,338971859659.612,315686000000,38.0800018310547,36.4199981689453,19.3799991607666,20.1499996185303,53.4099998474121,49.3199996948242,2854191,2873457,68.6426142157412,68.3978052821376
Andorra,AND,,3539838260.639,3421211719.47501,,,,,,,,,,,,,,,,,,77142,77001,,
Arab World,ARB,,2750603986533.94,2655073463824.26,6527733885350.25,5998209490392.05,5335121807735.91,143275400789.623,139151222276.152,,,41328.8203475265,42058.1616717383,,,20.2616571047745,18.6736155803129,24.88693091881,24.7645046782,42.907604348587,42.9773545081891,427870270,411898967,62.6496278095128,62.672706140335
United Arab Emirates,ARE,1.91845862537431,404700030656.58,393342125492.114,684809773101.984,637384703420.793,554739094147.707,2801885891.57456,2589157788.70357,11303502804.4708,10912000000,87623.0714015546,85529.9821204551,713937031634.346,602914686577.732,1.62000000476837,1.38999998569489,34.6100006103516,34.2200012207031,80.1500015258789,80.2799987792969,9770529,9487203,84.4608995928516,84.130838770347
Argentina,ARG,2.25557148373002,437813398153.622,458922944048.575,1035400864701.41,1039330591569.37,736718360684.373,32246901167.0112,31292082203.6814,1305793745144.05,557702899351.443,23576.970738208,25486.7603548026,5020769755259.65,2322024106185.87,0.0599999986588955,0.0599999986588955,22.4400005340576,21.8400001525879,55.5499992370605,55.5299987792969,44938712,44044811,64.0835225051061,64.1613658498285
Armenia,ARM,160.209068988928,13996188672.3481,12364648565.1196,42171217644.7695,35676528915.4363,21598045115.905,,,787518800000,834354600000,,,1595446800000,1436169700000,31.3400001525879,24.0499992370605,16.7099990844727,24.75,42.9700012207031,45.6199989318848,2957731,2944809,68.4489663273217,67.7503802746092
American Samoa,ASM,,,503259911.894273,,,,,,,,,,,,,,,,,,55312,55620,,
Antigua and Barbuda,ATG,1.70935090875105,1525166899.84343,1357005634.12294,2222037123.49811,1893259104.10692,1814425571.78978,24587506.0067275,23694890.2771104,78980000,71090000,,,967950000,761820000,,,,,,,97118,95426,69.1928824429401,68.9903004592352
Australia,AUS,1.502766,1450499018770.09,1379142531152.01,1324171341809.51,1192763305275.68,865877322217.83,23784060312.2539,27189656666.7071,41428000000,47662000000,139606.73191434,135633.674190185,495638000000,413471000000,2.59999990463257,2.55999994277954,19.4300003051758,19.0599994659424,62.5299987792969,61.5900001525879,25365745,24601860,65.5309417025767,64.8033515429272
Austria,AUT,0.841548,448761534683.333,431354400137.306,520804362662.715,476563833452.257,351609937876.39,5925216628.83757,5767946817.10077,4316170000,4471220000,107241.707576059,105673.002951149,101478120000,93847710000,3.9300000667572,3.66000008583069,24.9200000762939,25.3600006103516,58.0499992370605,57.189998626709,8879920,8797566,66.812507305921,66.5625360827828
Azerbaijan,AZE,0.31420473354735,58937036212.3055,56805470322.5841,150763304910.39,139152809949.428,135150732837.704,4324190273.48683,3851675654.68712,4669600000,3944100000,39070.3084662677,40951.3762506452,39767200000,34959100000,36.3499984741211,36,14.3699998855591,14.789999961853,63.2799987792969,63.2599983215332,10024283,9854033,70.7226479179956,70.11169103273
Burundi,BDI,434.783258126855,2399222284.76422,2318490757.97052,9050663437.03456,8375481076.5592,5752399507.68822,831056430.155171,782590786.368753,1606584709600,1565803000000,1930.71323010989,1908.95809553214,609115746800,602980646800,86.3099975585938,86.2099990844727,3.47000002861023,3.34999990463257,78.0899963378906,77.8899993896484,11530580,10827024,52.2577451836004,52.2872570156922
Belgium,BEL,0.835934,546851155613.124,527911187256.419,628370839150.318,573712730488.866,434412405764.091,3108520803.9482,3727240268.49427,2982200000,2960000000,107526.306232451,109271.717965582,91031100000,85607100000,1.1599999666214,0.920000016689301,20.7600002288818,20.8400001525879,51.0200004577637,49.5999984741211,11502704,11375158,64.3794416479243,63.935230890395
Benin,BEN,216.939685242839,14867185272.7071,13038787442.989,40510770474.5397,34023063767.8921,21748137021.2126,3986775451.20556,3532283660.13385,2266234112549.09,2101151062091.29,3130.01606331631,2804.93191549467,1375515535180.23,1114230111266.57,39.8699989318848,38.2700004577637,18.2800006866455,18.3099994659424,69.120002746582,69.0800018310547,11801151,11175204,54.0874712018525,54.5295963080211
Burkina Faso,BFA,213.397738971022,16708316591.3587,14810458138.26,46225439607.3739,39238401912.359,23440650603.0472,3330626259.27313,2889514077.70228,1890108521000,1686227000000,2337.17493977522,2248.52127175983,2396606717800,2059312000000,28.0200004577637,26.2099990844727,26.6700000762939,25.1599998474121,63.3899993896484,63.1599998474121,20321378,19193284,52.4098388004856,52.9148909094649
Bangladesh,BGD,22.1571297960395,209974367461.625,179992118771.403,809376043816.389,664403662063.264,359946756345.02,26706301357.6724,24666429239.7555,3223937000000,2650253000000,4817.46395571478,4149.39117873974,7538125000000,5483065000000,40.5999984741211,38.2999992370605,20.4200000762939,21.3199996948242,56.6199989318848,56.2900009155273,163046161,159670593,66.625937004745,67.6052832669884
Bulgaria,BGR,0.676421030341531,63191572277.6213,59112236490.8388,171458061637.086,151335199544.448,110041092250.514,2320222375.31056,2275507613.76757,3876420000,4129247000,14712.167741549,15406.3387577418,25893303000,24821320000,7.01000022888184,6.61999988555908,29.8999996185303,30.0200004577637,54.3499984741211,52.0400009155273,6975761,7075947,64.7976668313048,64.0616538090281
Bahrain,BHR,0.166225912239504,34321808510.6383,33119255319.1489,77139267898.7839,71282082008.2729,58162953475.447,95744680.8510638,92154255.319149,40860000,38760000,41806.7404297231,45312.7054907405,6152480000,5492220000,1.00999999046326,0.939999997615814,35.4799995422363,35.25,72.4400024414063,71.5599975585938,1641172,1494074,77.7862036469363,78.7624941200557
"Bahamas, The",BHS,0.925280019723084,11259359315.7961,10797162391.2307,15089524205.6577,13856896226.2225,11035187274.0129,63693961.9520264,80923407.7750207,81200000,95900000,50682.8112920094,53052.1982347918,1750100000,1665800000,2.32999992370605,2.20000004768372,14.8400001525879,14.4799995422363,67.9700012207031,68.2399978637695,389482,381761,70.0653560529659,70.4409959895451
Bosnia and Herzegovina,BIH,0.731688447227516,20808476283.1073,19535100848.8297,52212429234.8497,46096473272.4716,34666329769.3326,1204788990.99243,1127832811.19982,1972046000,1757652000,13038.5582634769,13480.801972274,8433087000,7531014000,16.8199996948242,17.9599990844727,31.7000007629395,31.7099990844727,40.0099983215332,36.9900016784668,3301000,3351527,69.4545318921983,68.1050893668585
Belarus,BLR,0.117019389570508,63224483611.5246,60554177331.8333,189309266271.823,173630155305.786,145673123595.717,5986382894.04501,6020196624.80668,8952300000,8000700000,14853.66776033,13637.6166997725,41296000000,33368300000,10.6999998092651,11.0600004196167,30.7700004577637,30.3799991607666,61.0400009155273,60.7900009155273,9417849,9498264,68.7169869180976,67.7628384969718
Belize,BLZ,1.12931303048532,1619911044.40275,1582588551.17782,2855288541.94045,2671291731.08143,2439004886.72861,127387804.945859,133451652.487562,359509700,411556300,7282.07159320419,8835.74880074195,449419700,497540800,17.4200000762939,16.7999992370605,15.6999998092651,15.5900001525879,61.0200004577637,60.560001373291,390353,375769,64.4805718406787,65.4282149746512
Bermuda,BMU,1.44258238007767,6025347991.57898,6023836115.15353,5459724012.04265,5227044136.51153,4599062134.42229,15826194.7056271,18129834.0807175,16397000,19620000,,,477873000,393492000,,,,,,,64027,63873,,
Bolivia,BOL,2.65542568470421,29702635313.9423,27880909355.9291,104890740216.212,94285208488.0407,51922209247.0798,3127436105.46315,2778032473.94295,34537059080.0612,30037787605.3519,7657.8168820681,7901.47940028278,71240878089.3943,68346943675.0544,30.4899997711182,30.5400009155273,20.0300006866455,19.4099998474121,69.6100006103516,66.5400009155273,11513100,11192854,61.4195037816536,62.0361066958508
Brazil,BRA,1.3884881942215,2347237948499.32,2290685930650.3,3229055074104.07,3017715870282.25,2798617241523.41,118936938040.018,115882614654.388,321956754500,302971000000,25540.7857587366,25698.2464517724,1300602635700,1196931000000,9.46000003814697,9.07999992370605,20.4799995422363,19.9899997711182,56.7599983215332,55.8400001525879,211049527,207833831,69.7106712029254,69.7391982309441
Barbados,BRB,1.99114071892649,4621053250,4652500000,4687373036.22517,4519281462.81962,4550155553.48827,,,,,,,,,2.75999999046326,2.65000009536743,19.3400001525879,18.9300003051758,58.7000007629395,59.3300018310547,287025,286233,66.9488387042679,66.7185785210348
Brunei Darussalam,BRN,0.599047158828836,14006979904.6571,13478181151.4485,28097514783.1279,25891019749.5614,31199547021.5396,107313898.056472,110594866.153282,181187500,181955300,210869.917208724,273927.038556403,11487182000,10001812000,1.36000001430511,1.95000004768372,16.1299991607666,20.7600002288818,60.2400016784668,59.3600006103516,433285,424473,71.9362597856636,72.1746656357824
Bhutan,BTN,15.426478796859,2489357934.58305,2290400030.50247,9428607226.70275,8307416844.22731,4588418545.28801,296548078.991634,280811468.653853,28184450000,23989398800,24568.0414873696,26379.4998519375,64387450000,66769522000,56.5200004577637,55.7799987792969,10.210000038147,10.1499996185303,65.7399978637695,65.0400009155273,763092,745568,67.8557009937457,68.5668307360056
Botswana,BWA,3.27401133917959,18643743999.9747,17330473616.2633,42739922024.5936,38045692207.0873,26532411467.386,310284957.855889,302776433.759012,3845361100,3583772500,28971.2557771053,28529.5044962059,55832390900,53734003300,20.8799991607666,19.8999996185303,17.8600006103516,17.6200008392334,58.4099998474121,58.4199981689453,2303697,2205128,61.4743229270593,61.8691173361775
Central African Republic,CAF,252.021036799648,1822841756.71548,1705626400.22556,4681983390.88152,4195263790.82987,4206561537.33227,584336784.143251,504710331.971476,421819128500,394572000000,3371.03546206426,3058.10619803024,274886960200,249536000000,70.7799987792969,69.8499984741211,6.36999988555908,6.26000022888184,68.9100036621094,69.3899993896484,4745185,4596028,52.522169710639,53.2651940862158
Canada,CAN,1.221371,1939183469806.34,1869939124387.55,1898869931236.49,1766146940041.43,1360873149927.42,28085920925.386,27234396898.3025,,,135791.12438508,136235.04562359,,,1.51999998092651,1.50999999046326,19.5300006866455,19.25,61.8600006103516,61.4300003051758,37593384,36545295,67.28747162393,66.506203368219
Central Europe and the Baltics,CEB,,1739248634624.54,1603013330793.29,3492994711244.76,3069832027982.33,2172174061506.8,44456420885.416,43337705214.4428,,,32443.8112360113,30987.0589804612,,,10.1476304715757,9.2738303578412,31.7375961282368,31.8846600106392,55.0183958670887,54.0402446082552,102393110,102738653,67.0400863789951,65.8099466231698
Switzerland,CHE,1.464944,680898749177.178,656573146002.337,602641134339.481,563717198242.692,415599889142.52,4164058008.27512,3896458444.185,4574653000,4391291000,188355.144370798,177581.138068178,178897239000,168683629000,3.10999989509583,2.58999991416931,20.5200004577637,20.3400001525879,65.0800018310547,65.0999984741211,8575280,8451840,66.6966381907622,66.2213280427499
Channel Islands,CHI,,,,,,,,,,,,,,,2.77999997138977,2.61999988555908,25.6700000762939,24.6399993896484,54.5299987792969,54.9199981689453,172259,168665,67.6749770254647,67.3311699243581
Chile,CHL,359.83702,286013743469.517,272276296781.39,497441374200.565,452001298864.789,309886433252.476,9372238236.10928,9365096297.04623,7033242835397.86,7154579371603.6,47339.4347354785,45302.2327821652,58202807092496,52924586698559.8,9.25,8.97999954223633,22.7399997711182,22.25,57.810001373291,58,18952038,18470439,68.7839092508846,68.624187013555
China,CHN,3.32923216124756,11520043405731.2,10185617478788.5,23487797982261.4,19887033884254.4,12378807960381.7,794028134919.23,744336680651.04,7047360000000,6209954398200,25271.8770988368,22083.6303354375,38067060000000,33158045720940,26.9799995422363,25.3299999237061,28.1100006103516,27.4200000762939,65.0999984741211,66.1399993896484,1397715000,1386395000,71.7175184402221,70.7232986329292
Cote d'Ivoire,CIV,237.967637016153,44419766992.0887,39118651332.4081,139980931072.653,118051344947.092,51791592985.2403,8575536279.95249,7862196646.51759,7090000000000,5612816000000,10978.8444953886,9780.07605008347,7267000000000,6129933000000,41.8899993896484,40.1500015258789,12.5200004577637,12.8599996566772,51.9900016784668,52.0400009155273,25716544,24437469,54.9927058733985,55.4121774683255
Cameroon,CMR,237.355494521169,39288422138.9406,36400294743.2994,98419704862.9205,87320624933.3413,54552906079.2194,5484654756.6533,5079526029.49252,3315703000000,2921636000000,6842.88960977451,6716.40157600065,5950801000000,5140693000000,44.9099998474121,43.4900016784668,14.4200000762939,14.4200000762939,73.5899963378906,73.6600036621094,25876380,24566045,54.401275287263,54.9142190677367
"Congo, Dem. Rep.",COD,477.344040683047,36767977989.348,33285972750.2513,99508497966.8993,86267287184.0017,40927874364.0422,6219773099.63707,5936764241.85357,16580795031800,10969692206900,6337.87486227985,5915.83262887222,33828694170400,23490699216300,65.379997253418,64.3000030517578,9.65999984741211,9.84000015258789,60.9599990844727,61.0900001525879,86790567,81398764,50.6967685651836,50.9816614056687
"Congo, Rep.",COG,284.544107647003,11654686638.1082,12882129314.3682,20637813209.5959,21844655233.9817,22863769887.2009,708446172.174099,704036613.926358,559530000000,477228355300,14062.5869853989,17118.8151899903,3619500000000,2728986687600,34.0699996948242,33.5299987792969,22.1900005340576,21.4699993133545,62.7299995422363,62.9099998474121,5380508,5110702,55.4126395725043,55.7413352047799
Colombia,COL,1121.04742056618,394571111125.163,372737821103.349,786809279917.636,693117074956.624,485313992984.547,24707024171.3366,23685576166.7562,71578828773240.1,58815000000000,23177.2627478216,23868.1834890122,278776483902106,246823000000000,16.5300006866455,15.7700004577637,19.4200000762939,20.1200008392334,61.0499992370605,63.0400009155273,50339443,48909844,68.2439989221801,68.6133853328492
Comoros,COM,216.853416759416,1190720115.49052,1128805020.31463,2718496318.03787,2467927827.4934,1553800742.61786,312677945.322696,304239932.173603,169440108480,149675000000,2984.81680310134,2994.77784402861,45362451274,42874000000,35.7000007629395,34.3800010681152,19.0200004577637,18.8299999237061,42.0299987792969,41.8199996948242,850886,813892,57.2646002172278,57.658722790127
Cabo Verde,CPV,49.4111073746658,2148955357.13617,1945535440.55303,4118579527.6735,3570702548.12283,2804400161.47153,102805021.933822,136996469.860759,9363743550.56387,11664497101.0959,9260.03784260846,8260.53231804887,38270901058.6988,31489815004.5373,13.6099996566772,10.6000003814697,21.9099998474121,21.7999992370605,53.0999984741211,52.7599983215332,549935,537497,66.2843396626592,66.8951785210979
Costa Rica,CRI,336.440617649164,50712542521.3584,48390012158.5201,106301218382.822,97331409641.8873,58247832307.0238,2813820245.62513,2796300430.38298,1540225328658.73,1655289892300,22547.2895801316,23797.8777158462,6700293076758.48,6270610073800,12.5799999237061,11.9700002670288,18.4500007629395,18.7999992370605,57.060001373291,55.2999992370605,5047561,4949954,69.1721175590723,69.0409288763425
Caribbean small states,CSS,,68816032575.9688,67065603478.9871,122499247123.795,114203773750.083,102957053688.891,3473869593.85217,3414947494.61574,,,30794.2513013773,31535.2820286823,,,11.4351449930468,10.7280962320205,19.6775667071176,19.5814328325981,58.3508347325335,57.3446281674741,7401383,7314986,67.4127645753641,67.5262738281985
Cuba,CUB,,,75591262046.7331,,,,,2796001683.50169,,3681000000,,19923.2831375086,,23589000000,17.9899997711182,17.3999996185303,17.0300006866455,17.1100006103516,52.6199989318848,52.9500007629395,11333483,11339259,68.8156204984913,68.3926909318168
Curacao,CUW,1.32146204086748,,,4027069861.08246,4080536556.8692,3997771738.13635,,,,21174800,,,,1017509600,,,,,,,157441,160175,64.5061328296203,64.336939494811
Cayman Islands,CYM,0.965652116735511,,4844894088.18166,,4409643995.52519,3587234353.83881,,16122072.1454697,,17323728.7702401,,,,308160834.89546,,,,,,,64948,63382,,
Cyprus,CYP,0.69960447106513,28678431658.4913,26437353837.9955,36613723934.1768,32705440733.5106,27744210911.701,465280392.41681,470478589.420655,386877000,370261000,34658.7260571639,33333.1423834879,2832222000,2265503000,2.52999997138977,2.41000008583069,17.0499992370605,18.4400005340576,59.2700004577637,55.4000015258789,1198575,1179680,69.7480159840227,69.2446446822268
Czech Republic,CZE,13.661572,258911043395.799,245202003265.939,458938737281.159,411327867894.58,292270172129.532,3958505636.70193,3609528123.7788,111191000000,105159000000,41768.4100048684,40192.5008739652,1806956000000,1671637000000,2.79999995231628,2.66000008583069,38.060001373291,37.25,59.2900009155273,58.7099990844727,10671870,10594438,65.6179183338762,64.4763050287444
Germany,DEU,0.804426,3944379455526.15,3873475897139.37,4644165657909.43,4376925896536.29,3187863147138.46,21913048824.3603,24628126767.0324,24896000000,26932000000,91896.0247265801,94615.4622548565,921025000000,896823000000,1.27999997138977,1.21000003814697,27.3999996185303,27.1800003051758,59.3199996948242,58.25,83092962,82657002,65.177823589612,64.6375192034153
Djibouti,DJI,,,,5626861137.87837,4612122077.43311,,,,7514000000,6711356400,,,94169000000,60247997100,26.4500007629395,24.5499992370605,13.3999996185303,13.4399995803833,53.5499992370605,53.6199989318848,973560,944097,65.5614506529506,66.1859566950162
Dominica,DMA,1.87785311913543,496699506.910876,468865050.521401,893610429.300979,807786936.210854,710028908.232114,49097081.6599732,58847228.9156626,205170000,188770000,,,241180000,155920000,,,,,,,71808,71458,,
Denmark,DNK,7.585045,382978543873.05,364438964537.519,350812038686.345,319130157564.111,238749486786.169,4223503169.43004,3633820754.07049,31011271000,28613750000,148979.812010288,141492.885725437,493143784000,454890909000,2.10999989509583,2.22000002861023,18.9400005340576,18.5499992370605,59.0900001525879,57.9000015258789,5814422,5764980,63.8488146240044,63.6337821533242
Dominican Republic,DOM,17.9272935488764,85937885077.6769,76465720939.9561,206485630248.572,175940743804.625,110624711801.164,4762023381.84935,4336494177.35966,238481208884.238,203163221499.731,27017.2826265279,24474.5140713809,1326576451553.43,1067358854811.76,9.57999992370605,8.77999973297119,19.4300003051758,18.8199996948242,62.7099990844727,60.4099998474121,10738958,10513131,64.8693953755237,64.9929164449661
Algeria,DZA,25.4521912698663,202339167644.005,198353064460.605,517494624584.119,485801959708.226,471140848850.889,20889020064.2502,19652023448.2972,2529100000000,2219064400000,24284.5109035376,25439.102834753,7648200000000,7069314100000,10.1599998474121,9.60000038146973,30.9899997711182,30.4200000762939,37.5099983215332,37.6599998474121,43053054,41389198,64.1832049427207,62.8968435084768
East Asia & Pacific (excluding high income),EAP,,14331998575108.4,12737080066364.2,31519814779166,26857568603796,17111663490213.8,1119078788697.97,1051753900122.78,,,22467.6678200589,20000.9932167154,,,29.0552182495792,27.3062322000923,26.094875950975,25.7610602404485,65.465143868999,66.062737122067,2093675040,2068142784,70.3242862152198,69.6999290038329
Early-demographic dividend,EAR,,12358836146500.6,11685098526344.4,31895332217963.7,28800784144391,20173802241126,1150926407602.97,1087045396873.21,,,12920.4860110666,13343.3629683521,,,36.1002837801774,34.5747073871093,22.4922620542722,22.656370015749,52.3773544539957,52.4361841232005,3290291010,3206370328,65.1020530280174,65.4643194079745
East Asia & Pacific,EAS,,24934208326036.7,23077251018095.3,43069700348158.4,37803535397762.1,25892450016063.6,1246750191089.31,1178565757732.19,,,24157.4967934794,26403.9088256995,,,26.3946536694892,24.7904877015995,25.9414974769716,25.5892289538923,64.9438990755796,65.3518517195026,2340692030,2314117413,69.8108321683896,69.1770086219062
Europe & Central Asia (excluding high income),ECA,,3857621118940.52,3683424742645.52,9015734409723.2,8221501365558.53,5780532492600.85,232099002034.942,222446240518.925,,,26343.444675277,25430.0902483527,,,14.6897238417532,13.8521349864401,25.4158886625434,25.4052531520664,54.0416476654487,54.404736596553,399389236,395289708,67.3552948748119,66.5526724409201
Europe & Central Asia,ECS,,24545350813759.9,23664052843381.8,33890694617721.6,31079644033013.8,23211001182200.6,515138864984.664,503772076535.011,,,57379.1882785837,56488.5632677658,,,8.53444688550305,7.96087298393601,24.5248895101079,24.4752367107034,54.3219024078,53.9197110010147,921192974,914585460,65.9620029106858,65.3155539203057
Ecuador,ECU,0.509728629589979,88554747782.6658,87380611573.9799,206376837844.164,195010792573.628,136455680458.737,9433441149.76206,9258652621.85685,9665814000,9730031000,20879.3883775985,20068.0347489908,34665680000,33920756000,27.6900005340576,29.7399997711182,18.5499992370605,17.2099990844727,65.25,66.4199981689453,17373662,16785361,64.6872593327007,64.9208324646813
"Egypt, Arab Rep.",EGY,1.53103426957012,302183451076.556,271828016911.381,1233147750539.73,1062265603571.56,788094704332.638,38310704951.581,35950153113.4501,588037546100,398539400000,13317.7698920685,12335.3977074487,1895915445300,1171151500000,25.0499992370605,20.6200008392334,26.5599994659424,26.9400005340576,40.4700012207031,40.9500007629395,100388073,96442593,61.0365300119322,60.8888368641163
Euro area,EMU,,14169747200125.6,13730839548126.5,16862099547836,15556698494253.4,12034741261279.5,204156580254.581,202670837349.937,,,86412.7331819208,86865.5106697335,,,3.12302972707361,2.97871608585768,23.5470359901546,23.4567248088039,52.6951713575415,51.6541670583159,342671033,341163597,64.5424686055156,64.1228956361039
Eritrea,ERI,5.1901097387007,,,,,4708725100.31321,,,,,,,,,64.8899993896484,63.1199989318848,7.34999990463257,7.28999996185303,73.9400024414063,74.1900024414063,,,,
Spain,ESP,0.72637,1572012697558.03,1505361852514.91,1988355209246.83,1841780549395.31,1476807962883.93,40934929976.6696,38952856163.6762,32550000000,32399000000,78948.2525233176,80946.7742614001,254904000000,233071000000,4.34999990463257,4.03000020980835,20.0599994659424,20.4300003051758,49.560001373291,48,47133521,46593236,66.150813288141,65.7753050830892
Estonia,EST,0.511706,27667385533.0764,25250985667.4433,51509303318.4128,44601591301.6816,29041482804.5792,631333910.193117,580294198.811216,700843000,566449000,36172.8694510498,34018.3697282628,6195534000,5634232000,3.52999997138977,3.17000007629395,29.9599990844727,28.7000007629395,60.6800003051758,60.0900001525879,1326898,1317384,64.464942132349,63.544922935802
Ethiopia,ETH,4.28170034630296,67542461142.9249,58351845887.8687,259989856897.58,215094143811.298,90122255176.7747,20366798751.4513,18950149167.7421,901968580000,619101927000,2650.21981601586,2274.42690395066,667908102000,432205875000,67.9000015258789,66.629997253418,9.11999988555908,9.31999969482422,77.6699981689453,77.9700012207031,112078730,106400024,55.2613712393253,56.1468683665491
European Union,EUU,,16605351894524,16012037378199.3,20786860685063.6,19033278712545.6,14520615004724.5,254564215793.58,252606488177.83,,,73693.5725128807,73562.6782847846,,,4.69228331737962,4.37159683398848,25.0451939686662,25.0000962069745,53.338123792037,52.3366224149828,447580063,446131273,64.9853639071035,64.4054984507043
Fragile and conflict affected situations,FCS,,1818619280069.01,1741096475406.8,3976665871563.06,3641192022112.17,2868800631234.66,258686131879.55,248210878278.138,,,13962.7292539046,13395.9414953261,,,46.4431822655294,45.5949967450354,13.0857651710503,12.9708831606723,54.843947407488,54.6506738099588,798133217,763578047,55.4319661691757,55.7742806669254
Finland,FIN,0.899789,272688247151.838,265569629767.381,285024360651.388,261600380706.694,209096799360.739,6786407311.1326,6859542648.15782,5561000000,5241000000,120513.921714262,120973.337953961,58181000000,55022000000,3.75999999046326,3.77999997138977,22.1599998474121,21.6399993896484,55.310001373291,53.6599998474121,5521606,5508214,62.4700823080137,61.8430138267974
Fiji,FJI,0.885338681748865,4217157352.32527,4080449106.08539,12717393218.7941,11783674116.4674,6804670601.42404,373768836.1794,345169179.420863,1406979772.45093,1165341600,14343.5079975273,13777.8711874754,1850673908.24896,1736539000,18.4799995422363,17.6100006103516,14.2200002670288,14.1400003433228,55.189998626709,55.4599990844727,889953,877459,65.0566009352004,65.0820886046791
France,FRA,0.85398,2971919320115.83,2876185347152.35,3320558731410.3,2983008898740.32,2336458699266.96,44650882608.2273,43137454214.6064,38742000000,35433000000,86189.8772430409,86038.2790060585,415650000000,396071000000,2.60999989509583,2.52999997138977,20.4099998474121,20.4300003051758,50.3300018310547,50.0699996948242,67055854,66864379,62.2211765433074,61.8064718464662
Faroe Islands,FRO,,,,,,,,,,3638800000,,,,3251600000,,,,,,,48678,48331,,
"Micronesia, Fed. Sts.",FSM,0.883563144791651,,306703111.91791,,389316095.399316,336075697.306298,,82445060.8514254,,101309800,,,,19907900,,,,,,,113815,111459,64.2146439497932,64.351798972016
Gabon,GAB,295.112850591215,19938879843.2225,19021809655.7545,33917539948.0722,30986311650.7557,24097481835.3494,1105841263.08757,936302464.578055,549161026000,456484293100,144217.487609481,144982.052795947,4667437900000,3941519042300,31.1100006103516,29.9599990844727,10.6499996185303,10.7399997711182,42.5099983215332,41.8499984741211,2172579,2064823,59.5932435855277,59.2757271427184
United Kingdom,GBR,0.701707,2921446026408.24,2841238185971.41,3240510715194.26,3026094031413.92,2282900127831.13,17536358038.2782,18332354521.3888,13535000000,13544000000,83028.0402983727,84370.4128949654,386121000000,363839000000,1.1599999666214,1.04999995231628,18.2600002288818,18.1200008392334,60.6100006103516,59.810001373291,66836327,66058859,64.0738555899797,63.7956038376446
Georgia,GEO,0.761852896599626,18521919918.9315,16823591412.0209,58245087399.129,50662483514.4009,28642799807.4119,1230057343.92309,1072379904.48396,3203682843.73645,2543600000,13661.7605624473,14025.2969118598,10004474176.7577,8239700000,43.1300010681152,38.1500015258789,13.1700000762939,14.2600002288818,56.2599983215332,57.439998626709,3720161,3728004,65.7973525687527,64.9075189559556
Ghana,GHA,0.624804213916584,57315905531.1852,50655852124.958,171926303272.099,145509469176.384,73690444261.5474,12168551825.6864,11093241865.2268,60482287300,50554392200,5414.92650762563,5192.4880776836,111810040500,78015096400,32.5699996948242,29.75,19.6200008392334,21.0499992370605,65.0199966430664,65.0800018310547,30417856,29121471,59.1301639529467,59.5378056888691
Gibraltar,GIB,,,,,,,,,,,,,,,,,,,,,33701,33728,,
Guinea,GIN,2328.29866232717,11760762588.5181,10486920351.1699,34168977885.4674,29176885979.9953,16854986941.2696,2176321208.55192,1961347887.33595,26695232501900,19262663090300,14704.3030813994,14137.1103145982,26793212214000,29702163073800,62.0299987792969,60.6500015258789,5.69000005722046,5.78999996185303,58.8499984741211,59.1100006103516,12771246,12067539,52.8448142488941,53.6081052702297
"Gambia, The",GMB,9.90113547369184,1913886426.74237,1682835525.09159,5449583787.42114,4588632823.22907,4366237247.72453,362179321.390546,353724404.6647,19926520000,14731188500,2927.52049073272,2648.82580574919,14437610000,12550369900,28.4099998474121,27.0300006866455,15.1899995803833,15.0100002288818,53.9799995422363,53.8499984741211,2347706,2213894,53.0073097612392,53.3119564374756
Guinea-Bissau,GNB,206.262549098149,1220795318.15268,1124380814.48131,3990526569.16647,3519615667.21345,2038736560.94446,441371241.262367,439836435.730862,412314000000,385392000000,2509.2977265551,2388.2526015108,103569662800,98784000000,61.5699996948242,60.4799995422363,8.67000007629395,8.60999965667725,70.0599975585938,69.9899978637695,1920922,1828146,54.7423754680291,54.9830758354582
Equatorial Guinea,GNQ,259.493273031154,12526213820.5137,14166431362.8688,26277981473.6438,28459489607.0027,31107908523.8209,259756819.493372,276769295.265142,163156000000,164040000000,78685.8006683044,97845.5945085934,3261458735000,4028429000000,39.189998626709,39.5099983215332,21.1000003814697,19.3500003814697,57.0299987792969,56.7900009155273,1355986,1262001,60.231204070992,60.6186937033273
Greece,GRC,0.721426,257451427354.904,247927466714.431,338261651533.087,313399557596.763,313312033389.426,9830393062.18307,9722422443.56836,6851402000,6673260000,57544.1192157498,57990.4763440426,28648614000,27101535000,12.0799999237061,11.6000003814697,15.4099998474121,15.3400001525879,43.189998626709,40.9500007629395,10717169,10754679,64.3958389509388,64.161931282466
Grenada,GRD,1.80393832408282,1032710908.67509,973018986.291747,1992859146.8027,1798099078.35128,1153994996.50767,53241556.3312098,54309066.3803909,160090000,163260000,,,443390000,386480000,,,,,,,112003,110874,67.0319461731335,66.6053587850325
Greenland,GRL,,,2676463789.76192,,,,,351078394.765385,,3589400000,,,,3187300000,,,,,,,56225,56172,,
Guatemala,GTM,3.47179548104291,56673426295.8426,52875180869.6924,149763230426.514,133804912953.529,95942692367.3339,6082420169.68131,5805643734.97786,55294767000,50942624000,11639.6946736589,11527.3485976063,129399746000,115250963000,31.7800006866455,31.2999992370605,19,18.7299995422363,61.1599998474121,60.6699981689453,16604026,16087418,60.2527879150835,61.2116835268401
Guam,GUM,,,5231963736.93915,,,,,,,,,,,,0.25,0.230000004172325,15.3100004196167,15.539999961853,60.4300003051758,60.8699989318848,167294,164281,65.6539709400357,65.6759955527395
Guyana,GUY,99.9557901347192,4780623910.20389,4344776377.54891,10693585695.61,9306806134.43556,6993732489.7118,1307565228.42738,1232351404.24359,189805538700,223142051400,20383.5861442767,18443.1448098713,309479793400,256960561500,16.25,15.4399995803833,24.9200000762939,24.9699993133545,47.1699981689453,47.2999992370605,782766,775221,65.2175763845711,65.3584851667037
High income,HIC,,53952920148048.4,51940759492637.7,64173714004930,59187045254281.9,46058609884362.2,,662491099180.135,,,,92457.248241782,,,3.24561709241399,3.07004788845061,22.9755143812267,22.8628679818521,58.0040733946621,57.1848916589455,1235991090,1225052725,65.8191706912169,65.2992133197536
"Hong Kong SAR, China",HKG,5.14153069915393,284743319786.036,280362944356.644,469182169655.82,442387687745.01,345486996759.993,99510037.4426747,101721371.608067,,1736000000,,,,191991000000,0.180000007152557,0.170000001788139,11.5699996948242,11.0799999237061,58.0999984741211,58.6699981689453,7507400,7391700,72.2183062832435,70.1750394088127
Honduras,HND,9.52314211280589,21843374258.6677,20520315403.82,58295920223.6395,52444135530.2339,31427232362.4728,2775562960.03348,2730743773.2764,65945500000,68847900000,5698.92248286776,6002.60577576146,168443300000,144213300000,31.9899997711182,29.4899997711182,20.6800003051758,21.3899993896484,65.129997253418,63.2900009155273,9746117,9429013,63.0940799424076,64.0123856506135
Heavily indebted poor countries (HIPC),HPC,,749467241806.188,691957350496.265,2135003091916.02,1881690663511.14,1174003612893.49,164047300386.498,153810568983.847,,,5821.88392808633,5872.95522994828,,,58.3456604917751,57.2172607710361,10.732064038379,10.77637482625,65.9567520673158,65.9750163227434,801708035,759106221,53.8500814870944,54.3998579233399
Croatia,HRV,3.87055691684061,67154066752.8158,63504583355.145,122957842669.706,110537767330.624,85112176300.3223,1818371731.04588,1691652324.7996,11748257772.2235,10774721995,29908.6389956491,31175.5135870607,81518078892.0767,76902901822,6.98000001907349,6.19000005722046,26.4200000762939,27.6700000762939,48.0699996948242,45.8300018310547,4065253,4124531,65.5395821564065,64.5776436794967
Haiti,HTI,17.976350842865,14022671611.2262,14028593229.4587,34172312014.8486,32738003150.2684,26149570844.9959,2265792654.71447,2237833527.12869,233725664400,175532838900,11614.8138029085,13243.9294787454,281161018400,219328705900,29.7000007629395,29.0300006866455,6.71999979019165,6.65999984741211,58.9500007629395,58.4099998474121,11263077,10982366,61.5401180401382,62.0777430536966
Hungary,HUN,126.314168,171680578830.973,155746258233.436,331726666187.956,288403653836.432,217167008533.833,5266748294.00742,5037233875.83399,1595066000000,1475136000000,28715.4971505315,26969.3581390971,11860364000000,9894515000000,5.03999996185303,4.71999979019165,31.5200004577637,32.0900001525879,54.8800010681152,53.9099998474121,9771141,9787966,67.0498733635751,65.8723226655215
IBRD only,IBD,,30051620823900,27773742795299.4,67312894637754.2,59410502917648.2,41051450007688,2164406052742,2050984115168.76,,,19948.0603229086,18854.6564180703,,,27.9769004605358,26.6212360080994,25.4501194999324,25.2112001121584,56.5386903914445,56.9633290844018,4816229000,4736179484,68.0619598145926,67.8234963463422
IDA & IBRD total,IBT,,32219876300624.8,29777457822051.2,73894142337826,65197907150779.5,44878438370406.5,2617910385767.01,2480561762973.22,,,18036.5049598583,17080.7717030233,,,32.9209067351769,31.6897861716637,22.978651652199,22.7707996950492,57.3435482521102,57.6274715538691,6486921530,6333396248,65.3537971627171,65.2412874727654
IDA total,IDA,,2174034852990.9,2009051564759.83,6675903442882.93,5869738827736.25,3873909159735.66,453139022568.779,429292457697.19,,,5633.03855215619,5720.94658515199,,,50.3593973884521,48.8357978822691,14.2612943980968,14.5153552819478,60.2447085041824,60.0989845800997,1670692530,1597216764,57.3137783717576,57.7888776835647
IDA blend,IDB,,983276122767.846,929381669103.73,2852850115825.81,2569811888378.54,1826784669072.97,215691768258.862,205584431275.86,,,6476.97646041873,6823.4130219076,,,41.0759672145501,39.1930273229315,16.8958315570544,17.055797874472,55.0174536961692,54.6252148724801,561571902,536862922,57.4447147399304,57.8069189022378
Indonesia,IDN,3336.99389227948,1204479845861.69,1090479163407.98,3338143991973.09,2894125530220.37,2056981019917.65,149053103992.304,138428571936.169,2.0136269E+15,1.7879632E+15,16208.9600988093,16012.1863441433,6.1671236E+15,5.3515585E+15,30.7900009155273,28.5,22.0200004577637,22.3600006103516,65.5400009155273,64.2099990844727,270625568,264645886,67.4031501634853,67.734577835602
IDA only,IDX,,1188620560265.01,1075563139876.18,3840580119922.38,3306544837700.21,2035121536125.63,236834986651.217,222818155215.843,,,5090.70229261211,5069.39402120281,,,54.4535685847207,53.1048111492746,13.0994128575832,13.3906595251821,62.8900440142964,62.8777231757925,1109120628,1060353842,57.2473768958184,57.779728853147
Isle of Man,IMN,,,7774450691.86326,,,,,,,21720000,,,,403045000,,,,,,,84584,83598,,
India,IND,14.5993211370606,2940156656485.46,2659423696537.16,9560219601244.47,8280935377565.52,5229333633185.02,393723520135.559,369515100598.458,32574426361500,27969081000000,6905.04681371985,6740.80044491345,50400996113300,45274273177300,43.9300003051758,42.5999984741211,24.8600006103516,25.1200008392334,46.7400016784668,47.2099990844727,1366417754,1338658835,66.538187109893,67.0038111931616
Not classified,INX,,,,,,,,,,,,,,,,,,,,,,,,
Ireland,IRL,0.848854,393849945070.162,344958776557.393,430333890643.996,374029414467.433,197598524599.048,3494930612.30289,3290106832.22743,3131789000,3484407000,286241.670699028,263823.916193273,122159687000,106237406000,5.05000019073486,4.42999982833862,18.8400001525879,18.7700004577637,59.3600006103516,58.0200004577637,4934040,4807388,64.890068519016,64.6267942926721
"Iran, Islamic Rep.",IRN,3926.10394384178,491059895654.689,560579480599.318,1072696667247.19,1172665437001.49,1282648743144.9,46290454620.7925,42951247339.0501,2.97390987358721E+15,1.45503127255715E+15,21770.3200928331,29614.9249083291,7.73336567081245E+15,5.34701701224793E+15,17.5799999237061,17.3700008392334,32.0400009155273,31.3899993896484,40.1300010681152,39.439998626709,82913906,80673951,69.7134511301508,68.9868198948437
Iraq,IRQ,428.957326981457,219703225580.148,211634674433.22,446664936199.296,412027987017.235,377659943799.032,2420421903.13467,3119301366.51085,4085136700000,6598384800000,65038.0916856676,67557.7787425651,138066502900000,113780302600000,19.2900009155273,18.2700004577637,23.2199993133545,22.9300003051758,37.4900016784668,37.0800018310547,39309783,37552781,57.9941922277341,58.5805396076595
Iceland,ISL,132.779525,18546969949.7599,17529175812.0829,21097497827.6414,18920738733.6342,12597717999.0665,1094373453.00623,944868366.247571,128819572000,99727347000,117435.158513865,113047.044862125,574961587000,511234036000,3.75999999046326,4.03999996185303,17.4799995422363,17.4699993133545,71.7399978637695,74.5400009155273,360563,343400,65.5848059020374,65.1607080178509
Israel,ISR,3.981341,319390655678.165,298369641484.721,379793480693.618,338933808557.497,219751079598.557,,3648292951.47988,,14760550000,,82246.2739465698,,246714277000,1,0.920000016689301,17.3799991607666,17.2299995422363,61.2799987792969,61.4000015258789,9054000,8713300,60.3299090424763,59.9057536718941
Italy,ITA,0.772539,2151420719257.08,2124019926800.66,2677117877149.29,2517184209191.25,2085693278915.37,37824129367.3488,37815619018.7445,34247400000,34257500000,75069.3370922775,74657.9592889552,382679100000,369901300000,3.77999997138977,3.89000010490417,26,25.8700008392334,44.7700004577637,44.0499992370605,60302093,60536709,64.0252405238968,63.8212058366567
Jamaica,JAM,51.9195268386551,14349236596.0048,13978190519.7291,30053192134.4701,28035430606.1794,22203226227.049,886057574.702058,845408706.916662,144776595300,125674000000,11639.5721337424,12080.6889418031,444333245500,368182000000,16.7800006866455,15.2200002670288,15.6999998092651,16.1800003051758,61.5200004577637,58.810001373291,2948279,2920853,67.2924438382278,67.5463889272352
Jordan,JOR,0.280437269105741,33596292796.4268,32326700871.345,106240192951.32,97893384071.2481,68696293737.7503,1146071489.30649,1082978977.48568,1552250821.03252,1400200000,15771.4508152697,16032.0028084384,7726892936.98463,7233531912.38026,2.6800000667572,2.47000002861023,24.4300003051758,24.4500007629395,32.8300018310547,33.189998626709,10101694,9779173,61.303517744971,62.5443415728095
Japan,JPN,111.666587,6210698351093.34,6150456276847.65,5345808049899.39,5193982171645.02,4480784390768.57,,55515449151.5871,,6616500000000,,110478.275999752,,159197400000000,3.44000005722046,3.38000011444092,24.6299991607666,24.2199993133545,60.8699989318848,59.1699981689453,126264931,126785797,60.0761301376108,59.4249196996624
Kazakhstan,KAZ,69.5228322185501,213250078007.791,196029836978.664,509458114034.691,448472613650.923,313789244537.986,9175638096.14007,8848576993.13394,3105560700000,2456284600000,44301.249393013,40713.7513100131,22965789300000,17578088300000,16.5599994659424,14.8599996566772,20.6499996185303,20.9799995422363,65.5100021362305,65.8499984741211,18513673,18037776,64.9483167025433,63.4664061152816
Kenya,KEN,32.6150677944902,65060160105.0758,58077381824.1786,237712122820.793,203206547190.571,97173951008.4786,14173641068.3972,12914585078.8918,3326299200000,2844263200000,8392.9031101338,8145.99366249016,1572719200000,1370998800000,55.8600006103516,54.3400001525879,6.15999984741211,6.21999979019165,72.3099975585938,72.7600021362305,52573973,50221473,57.3938820427461,58.3827990325175
Kyrgyz Republic,KGZ,13.109164984494,7208211269.05348,6647530416.70979,35419714489.9304,31280403475.2799,16810323179.2918,1034844070.39656,983098796.840048,71335200000,66386800000,3824.09010533721,3707.65820469974,162889100000,144862800000,23.0300006866455,19.3199996948242,23.1499996185303,25.3600006103516,54.9099998474121,56.060001373291,6456200,6198200,63.4065152729528,62.8980103961283
Cambodia,KHM,1354.31895185335,20920953617.9607,18184202213.3847,75558093198.3549,62890960721.9283,34739220891.6637,4332222470.65852,4308114068.30418,22785967411400,20985704593700,2426.22007673624,2202.92093686974,37653463948700,27711753585300,38.2099990844727,34.5299987792969,25.4899997711182,27.9099998474121,81.9400024414063,82.1399993896484,16486542,16009414,64.3167339906176,64.1830348656498
Kiribati,KIR,0.963619596385929,210571182.63147,201286810.589151,279014514.020318,255409849.767337,176628828.054503,,53447645.7266434,,74556000,,,,30511000,,,,,,,117606,114158,61.0294504108341,60.0794177167831
St. Kitts and Nevis,KNA,1.89519375435979,913748421.16003,863249482.891492,1458648204.24515,1319637696.55441,1082981618.78089,14639765.5157578,11417295.9019038,39550000,29860000,,,728340000,751870000,,,,,,,52834,52036,,
"Korea, Rep.",KOR,840.683012,1482760164322.84,1412071254753.18,2209423793034.91,2103651261121.49,1573257911865.6,26094702750.8071,25459869724.4706,31134900000000,33974300000000,,,630062000000000,638204500000000,4.92000007629395,5.1399998664856,25.2700004577637,24.5799999237061,60.8899993896484,60.8300018310547,51709098,51361911,72.9222529604083,72.1933794912468
Kuwait,KWT,0.149478346814295,137580874017.114,135309141660.851,219019576942.525,206274942530.65,221297604000.773,606522323.998929,625610607.117934,184529647.279463,192300000,170704.03752524,180862.836303525,23484899860.9666,20362400000,1.92999994754791,1.77999997138977,22.0400009155273,22.1499996185303,71.8300018310547,71.6800003051758,4207083,4056099,76.1950830095616,75.6663227228938
Latin America & Caribbean (excluding high income),LAC,,5664136738357.9,5532203575603.24,9998374153979.8,9355752769447.57,7301898039545.23,298436948000.948,288688149001.786,,,23506.9332901944,23982.3605748682,,,14.0924041738483,13.7678398911174,20.7321443697128,20.2928999386128,59.3133624546215,58.8913639331196,613773119,602435369,66.8808373159704,67.0933268245509
Lao PDR,LAO,2464.25985546575,13195413134.6638,11867393084.3947,58593991911.7089,50463792572.0591,23888227744.1776,1956126167.48072,1949950158.43288,24976044733400,22801000000000,10229.4959011526,10220.7767569994,50497106488400,43509000000000,63.5800018310547,61.439998626709,11.9300003051758,12.9399995803833,77.6600036621094,77.6900024414063,7169455,6953035,63.1255128156266,63.5330161079189
Lebanon,LBN,782.039957517186,39710040166.8404,43397687323.5565,104176190349.281,109025778306.588,74106430635.9647,1978203099.25237,1943767657.51244,2483000000000,2349972416300,7851.88024205298,9806.68567188125,10311000000000,12048032814200,12.0799999237061,11.3199996948242,24.7000007629395,23.5900001525879,44.6300010681152,44.0099983215332,6855713,6811873,66.6657183878929,67.1544885265763
Liberia,LBR,0.502365157569087,2548948906.87729,2576870497.68721,7361642884.56021,7126900130.29696,3977186653.76436,738812363.847091,737144964.705882,1200979000,1218716000,2006.93196696111,1643.50317353551,367479600,335111200,43.2200012207031,42.6199989318848,10.3900003433228,10.1499996185303,73.9300003051758,74.25,4937374,4702228,55.2985756107852,55.961387571612
Libya,LBY,0.511241074173631,55047620625.1588,46629774070.7036,107393199573.684,87115614620.6817,185280496394.211,,,,,,,,,17.5799999237061,16.4099998474121,23.6200008392334,24.4300003051758,40.5800018310547,40.4500007629395,6777452,6580724,67.1314280921066,67.4734841353358
St. Lucia,LCA,1.85760244718789,1709223245.1354,1636968552.83772,2948844049.65758,2704505166.04442,2160982672.0873,44990365.5312123,44594408.9720813,115250800,95055600,14706.9670796091,14185.5707278267,571183100,592546900,10.3500003814697,9.97000026702881,16.3400001525879,14.6899995803833,61.1599998474121,58.3800010681152,182790,180955,71.4866761718448,71.7539252694349
Latin America & Caribbean,LCN,,6199383095038.63,6051321095681.66,10925192304664.6,10210857078940.8,7921180620873.35,313827387443.857,303967412473.447,,,24630.498102616,24993.1753261309,,,13.8284732398662,13.5146456748195,20.7649886154888,20.3187133439303,59.166042886194,58.7610884252464,646430784,634554069,66.904859890784,67.099322674779
Least developed countries: UN classification,LDC,,1020841662926.46,935484647127.174,3234054885779.11,2808329304354.79,1785964981513.98,200508518781.674,190541670006.983,,,5899.61865817886,5933.73268748956,,,56.5113481413429,55.2214390627803,12.4116961374757,12.646303257431,64.0373290650361,64.0377999179397,1033388876,986365080,56.7516402336687,57.3083305696604
Low income,LIC,,541195602120.421,502078569467.601,1669225015989.33,1473886061080.42,997753243919.894,133128179524.469,125362034683.052,,,5061.38366263959,4960.14223595211,,,60.0667096981607,59.1171442876893,10.2723993879487,10.2297126891261,63.615472701384,63.6602270967575,668454965,634796692,54.3836251499999,54.9142291134003
Liechtenstein,LIE,,,,,,,,,,8500000,,,,2880300000,,,,,,,38019,37800,,
Sri Lanka,LKA,38.629544006404,87466701368.6878,82777063198.4398,297760017947.475,269853535249.281,166030136722.213,6083761846.55661,5679582493.17867,1113833683700,1043994200300,9932.95407185735,9120.66318288726,4114101545600,3568559515600,26.0699996948242,24.9799995422363,28.4099998474121,27.8700008392334,50.2599983215332,52.8400001525879,21803000,21444000,65.4693205689957,65.2047322108188
Lower middle income,LMC,,6220016820011.16,5689137544919.65,19897825880135.4,17368632693477.6,11419778364129.4,897671028207.845,849327284789.608,,,7506.03507245672,7392.02993886928,,,41.1665738079703,39.4460551636997,21.6365429687806,21.9834694289448,52.0854616673161,52.2316086976797,2913369053,2831466703,63.6896862134942,63.9947902437102
Low & middle income,LMY,,30949948496347.2,28603379889719.7,71381130721836.4,62980896635570.8,43354287679790.8,2591339729397.51,2453100605181.27,,,17703.2134492553,16769.1108198998,,,33.2741399431363,32.039069941755,22.8311302515709,22.6208277248639,57.4446615866503,57.7436321377718,6437665782,6284052740,65.3409154911246,65.242981246702
Lesotho,LSO,3.82992180708047,2874585678.5118,2911112758.19895,6001953371.49932,5820641497.40003,4337549338.28887,116701253.048552,147401242.068125,1556272100,1730150500,6837.98745410431,6967.32285218196,9980082200,9141420600,45.4300003051758,44.2999992370605,13.5100002288818,13.3100004196167,51.7000007629395,51.4500007629395,2125268,2091412,62.1459655927181,62.6072570612271
Late-demographic dividend,LTE,,20730423983427.5,18940537741923.8,41953371557776.9,36454194581426.1,25194142361196.5,1226137807068.58,1162755382863.7,,,25683.2500882698,23300.4488623091,,,23.9738182730099,22.5370022083473,26.5970200143702,26.1803047709336,63.2225902284496,63.8590858772268,2298506687,2275534172,70.6609340672288,69.8770544189242
Lithuania,LTU,0.450033,51862375194.0999,47822995718.6683,108289881895.53,95492177900.2528,62292838525.1748,1337078207.55144,1362781787.37403,1573213000,1482846000,40047.9642993252,37839.0836459746,12324272000,10948015000,7.78000020980835,6.44000005722046,25.1299991607666,25.7000007629395,58.1100006103516,56.5999984741211,2794137,2828403,65.9715598503416,64.7061360104101
Luxembourg,LUX,0.924932,68847100694.6723,65270740381.6428,74996677379.9711,66973407127.1117,43438665761.3749,104857440.520909,103617976.120154,143911000,138959000,249319.258313454,247986.879861244,7188245000,6388168000,1.38999998569489,0.680000007152557,10.7600002288818,10.8100004196167,56.5699996948242,55.4300003051758,620001,596336,69.8281833386832,70.0178162795645
Latvia,LVA,0.486634,31985858419.1279,30129559624.8066,61332915230.4867,55645420267.1829,37035505122.9466,1184788591.1268,1094771272.81348,1134747000,957921000,28460.2095810236,27807.8439683303,5652490000,5134146000,6.86999988555908,7.28999996185303,23.3099994659424,23.7199993133545,57.5400009155273,55.8800010681152,1913822,1942248,64.5904329718102,63.3557327862224
"Macao SAR, China",MAC,4.21652978917782,35295253106.9724,35128290926.0449,82906286640.4883,79017384059.024,53373511217.1193,,,,,,38762.9059813862,,20138000000,0.400000005960464,0.400000005960464,10.5699996948242,9.65999984741211,68.620002746582,68.9800033569336,640445,622585,76.9215448492977,74.7687935732186
St. Martin (French part),MAF,,,,,,,,,,,,,,,,,,,,,38002,36560,,
Morocco,MAR,3.77507134150971,126272957641.312,119453872838.576,291655207460.181,264212938334.625,207843489306.408,14716545890.4432,15063135118.9227,140019000000,131419000000,11883.4369962483,11709.1423395999,291760000000,278087000000,35.0299987792969,33.25,22.6599998474121,23.0900001525879,41.2799987792969,41.310001373291,36471769,35581294,65.7940536386364,65.7300280663655
Monaco,MCO,,,7148018560.25454,,,,,,,,,,,728700000,,,,,,,38964,38392,,
Moldova,MDA,4.71390224278421,9887013489.61243,9151593647.17486,36215582858.8936,32101220495.8184,18302326301.3283,1159160564.78231,1156739637.65128,21143755169.7186,20521677000,11598.442303949,12178.1375559906,47900569234.7712,39129533000,32.3400001525879,20.9599990844727,16.6499996185303,21.7199993133545,39.3899993896484,40.6100006103516,2663251,2755158,73.2747425661702,72.0971898192129
Madagascar,MDG,642.63256829862,13495494373.7937,12309227038.1405,46384673274.8137,40514543473.3171,32465467744.5561,3167551106.40261,2943705784.8812,11919328899300,10080002413300,1980.77068024185,1822.17571960215,8794125156800,5548657230100,65.25,64.120002746582,8.59000015258789,8.72999954223633,84.4899978637695,84.7099990844727,26969307,25570540,56.0975040312059,56.5890958933428
Maldives,MDV,7.1255368260597,4500657090.09943,3890494395.77412,10829048853.5944,8964243526.1207,4649285283.15804,186874610.497269,169806681.441116,4541770292.35824,3914801622.18183,10166.7164667781,9691.48253389304,10153087777.5735,8228411540.01996,8.96000003814697,8.31999969482422,18.8500003814697,19.1299991607666,65.9499969482422,64.4100036621094,530953,496402,75.8266485630598,76.4493279066132
Middle East & North Africa,MEA,,3498512908315.21,3449238612026.11,7780801484396.01,7316348931741.25,6679456921318.51,173526066823.354,165330319465.529,,,38481.2612737742,41707.2590234638,,,16.2006360181608,14.7467716369216,27.0927032816257,26.9637993743172,43.0110377649238,42.9431808304992,456709513,441255236,65.0236324968472,64.8415242118486
Mexico,MEX,7.676843,1309881765941.94,1282446801678.71,2608649754476.72,2460766209923.96,1741129416219.66,41432945390.151,40397140189.9696,828216924000,741610411000,25975.5807041579,27069.5756113679,7548665506000,6787799037000,13.1199998855591,12.4799995422363,26.0100002288818,25.5499992370605,59.2799987792969,58.4099998474121,127575529,124777324,66.0200045642909,66.3982212450791
Marshall Islands,MHL,0.884584746789395,,172884913.053747,,219199428.864806,183322966.610692,,20450875.3031496,,31944900,,,,28443200,,,,,,,58791,58058,,
Middle income,MIC,,30402509446329.8,28095945556891.2,69795264356326.1,61580891164579.1,42396599378819.9,2458289695940.71,2327695125951.89,,,18167.1612085664,17181.8805811886,,,30.6600012548238,29.2881936442239,24.0564798364327,23.8796478394822,56.884099567719,57.224710811164,5769210817,5649256048,66.5725997317081,66.4401439004231
North Macedonia,MKD,18.7160056871464,11719729960.5494,11036275491.8877,36634370399.0636,32583074140.546,23364814443.3041,,809527778.248064,55476758825.4286,48665000000,,12226.4246587907,162014749964.375,149946000000,16.2399997711182,13.9200000762939,30.5499992370605,31.1299991607666,45.9000015258789,42.8199996948242,2083459,2081996,70.0889434946081,69.5209744948185
Mali,MLI,196.646814443037,15562204139.934,14183129195.8007,47657571434.9218,41593677730.7733,26895625108.2931,5241384350.20863,4757567789.91392,3778438371400,3339799000000,5779.43334978778,5179.85341888249,2118420011300,1681576000000,63.1300010681152,62.439998626709,8.23999977111816,7.55999994277954,64.3000030517578,64.379997253418,19658031,18512394,49.7622678384199,50.2001751853988
Malta,MLT,0.572039961279003,14564729001.723,13198284425.4031,23222808330.6027,19845185321.8188,11914908228.544,104904092.0922,99545248.6802304,95270043.123276,79736452.6865076,,,1669137130.35443,1407214796.7214,1,1.01999998092651,19.8099994659424,18.9200000762939,55.8899993896484,53.4700012207031,504062,467999,65.8829090294634,64.8540324997956
Myanmar,MMR,242.395697433199,86931311984.4758,79148359722.8005,290208096830.35,253028635780.987,164098477494.478,,20023340299.6471,,21344044400000,,6528.70921703394,,34093232100000,50.6199989318848,48.8499984741211,15.9399995803833,16.9400005340576,60.1100006103516,61.2200012207031,54045420,53382581,67.5922492460688,68.0738941431115
Middle East & North Africa (excluding high income),MNA,,1625431953913.85,1637597229733.83,4332138595708.34,4116452375229.9,3845299532765.24,147957516210.763,140739733391.276,,,20937.9663839476,23397.668676779,,,20.4104727149313,18.6944233648483,26.6644339546162,26.5367888438172,39.226754513767,39.1406643549191,389457086,376546755,63.6206021590723,63.4142060465574
Montenegro,MNE,0.369701576065584,5343969842.24707,4887159162.48816,14520614316.3297,12249709979.0637,8453006971.88699,370077069.239716,366209608.982805,316541000,294655000,23102.3029963141,22713.6490096429,798523000,638904000,7.94000005722046,7.15000009536743,17.0799999237061,19.4099998474121,47.1199989318848,44.7599983215332,622028,622373,67.2020179647302,66.4606114457783
Mongolia,MNG,473.13700309481,14037996021.8727,12447287566.1299,41481570828.7465,35222426052.7844,20621063954.3763,1870145425.69172,1650982307.61669,4026562814000,2865391300800,16429.6785207882,18045.5811036936,14335723398000,10692348381900,28.7800006866455,25.3199996948242,19.2199993133545,21.5799999237061,59.6199989318848,56.0999984741211,3225167,3113779,66.0564020777279,65.0123854051589
Northern Mariana Islands,MNP,,,1314483870.96774,,,,,,,,,,,,,,,,,,57216,56562,,
Mozambique,MOZ,16.7121625525185,17875790908.6586,16894865892.1346,40632691531.3012,36775580595.8018,22565301062.3194,3906741581.09356,3734056916.79202,249020027500,210498706400,2871.66732901245,3088.38445008118,218688581900,201855262700,71.0599975585938,70.2200012207031,8.25,8.59000015258789,75.5800018310547,75.8600006103516,30366036,28649007,52.1422060609547,52.7535533449279
Mauritania,MRT,10.5416570028446,7947658539.42987,7347230001.86797,24561215776.111,21743465320.1028,14298541791.7354,1104774598.64797,1067291639.10839,52148102600,50454470600,12808.6866630832,13810.3606764271,70608607100,61636477700,31.9799995422363,30.8299999237061,17.7700004577637,17.6100006103516,40.7700004577637,40.5800018310547,4525696,4282574,56.6067338070364,56.9548418629974
Mauritius,MUS,15.6885333413167,13786807917.4414,12898394192.8271,30228158502.3997,27081834228.7363,19629432101.7871,423174726.91756,411905751.210135,14439000000,14154000000,18420.4728783947,16781.451150617,86049000000,80630000000,6.42999982833862,5.96999979019165,24.7299995422363,23.6800003051758,54.2000007629395,54.9199981689453,1265711,1264613,70.6909218591711,70.7415639363991
Malawi,MWI,70.492364684203,9754076227.99889,9058581256.68248,20614924168.7028,18333705241.2908,14857433208.4323,2559306819.80534,2434560662.17147,1460634000000,1201273000000,3276.52262818118,3211.89764302623,738850000000,660606000000,76.8600006103516,76.3600006103516,5.5,5.36999988555908,72.1100006103516,72.4499969482422,18628747,17670260,53.0541087376733,53.8892873471308
Malaysia,MYS,1.41990928162688,398946603155.68,365075002178.644,946342403168.243,829296989955.658,578511606782.957,30510237004.2513,29897335011.3135,109612675000,117995008000,35912.5147100805,34518.7440359705,565020466000,523051394000,11.289999961853,10.2799997329712,27.7199993133545,27.0100002288818,62.5900001525879,62.2000007629395,31949777,31105028,69.2222570223111,69.3842495363896
North America,NAC,,20245594331093.6,19279746167689.4,23337555655248.6,21290727676178,16357524939061.8,,213026706026.709,,,,109018.503178704,,,1.43965816337534,1.37624501607036,19.708536971168,19.8385218448091,60.4382398262425,59.7731770577583,365896934,361594707,65.8803407902615,65.371082509849
Namibia,NAM,4.65328443560865,14383460523.989,14447556654.4647,25104076732.1166,24147364523.1175,17750728467.8152,796275976.483214,833097091.503669,11816190900,11965245100,30015.6826625999,28811.9943018005,47516939800,43990073400,21.3500003814697,21.8500003814697,17.6599998474121,16.3999996185303,47.6500015258789,46.7799987792969,2494530,2402603,59.4485716295414,59.4860354455549
New Caledonia,NCL,,,,,,,,,,,,,,,2,1.87000000476837,22.7099990844727,22.8700008392334,53.4300003051758,53.8800010681152,287800,280350,68.0223705574599,68.1393457117595
Niger,NER,222.033091028452,13127408384.9827,11561099401.8579,29807368320.747,25138435012.4332,17496153307.6266,4749893968.70607,4261917135.13212,2860023051704.69,2325862626739.25,5440.31615389064,5010.24267768468,1530685431691.74,1369040392392.89,73.2200012207031,72.5400009155273,6.84999990463257,6.71000003814697,71.8099975585938,71.9899978637695,23310715,21602472,47.3163561314673,47.5611194251227
Nigeria,NGA,73.2585378373086,477161826016.253,458044648499.498,1077719232146.02,990700126987.351,745473030022.549,118860646132.025,113704173069.719,31904140862700,23952554203400,15148.0441963562,15790.7133049569,39879691296300,25639902271100,36.0499992370605,34.9700012207031,12.0500001907349,12,51.0999984741211,49.5999984741211,200963599,190873311,53.2377460928992,53.569386463864
Nicaragua,NIC,8.06748155930607,11541046299.3281,12500550323.1547,36958519013.4192,38334779852.6714,23186046181.1938,1823493537.23787,1763915762.87985,63920000000,62129000000,6223.72031229538,6112.22908348886,103959000000,102811000000,29.9200000762939,30.6000003814697,17.6900005340576,16.2399997711182,63.2299995422363,64.4100036621094,6545502,6384855,64.3993136247922,64.6871546292401
Netherlands,NLD,0.853394,961781942975.725,924097826103.017,1031483763538.87,943739691874.959,748994016831.616,16413433379.2804,16392232739.4912,13339000000,13697000000,126346.826913256,123640.383254341,143444000000,130675000000,2.26999998092651,2.07999992370605,16.5200004577637,16.1100006103516,62.0800018310547,60.5099983215332,17344874,17131296,64.85473799459,64.5111840408302
Norway,NOR,9.144245,494981582297.864,483101343264.083,363543138278.951,337993790660.964,283399996391.173,7279702850.56811,6955461079.02916,68573000000,65132000000,295289.843003845,310501.534692746,1032984000000,981736000000,2.05999994277954,2.03999996185303,19.4099998474121,19.4200000762939,61.7099990844727,60.9500007629395,5347896,5276968,65.4949298815821,65.3143595377233
Nepal,NPL,23.2667495450074,24575559443.4574,21527164663.5032,102075675266.473,85624913439.6591,51265175554.1825,7066306483.32884,6541409818.28718,838961068000,724283081100,1387.00105504878,1308.18033071142,459870241200,354002976700,65.8099975585938,64.379997253418,14.4799995422363,15.1099996566772,80.1100006103516,79.7600021362305,28608710,27627124,62.9988020344461,64.6470567879502
Nauru,NRU,0.903958776787798,103452831.850612,97507266.8017264,152170931.825306,137347501.600122,59737237.3460304,,,,,,,,,,,,,,,12581,12876,,
New Zealand,NZL,1.496126,191728455432.506,180850458623.611,218147470334.73,202035138672.736,136006593027.593,,11444635935.2397,,16811000000,,68866.9240572175,,59064000000,6.34000015258789,5.84000015258789,20.4500007629395,19.2900009155273,66.7699966430664,66.8000030517578,4979300,4813600,64.9543793175464,64.4394397481279
OECD members,OED,,53460596924374.2,51469707522059.7,63015248632933.3,58320927239800.1,44370995979076.4,,761130168875.6,,,,83271.534860899,,,5.02237439346555,4.77642188412343,22.7361666140486,22.5876385792125,57.4248949180391,56.7765680474757,1360092863,1344893694,65.3569520475068,65.0006103323387
Oman,OMN,0.162444947168531,75032818560.7415,74967916954.3318,141824295073.027,135696698275.155,134710707680.074,1970735978.46356,1506665195.06805,690576900,617218800,55334.4670238557,55995.1131743513,15767726495.0502,13512974974.2304,4.32000017166138,3.99000000953674,32.1399993896484,32.0099983215332,68.1600036621094,68.8199996948242,4974986,4665935,75.6147758816681,75.1330154496917
Other small states,OSS,,429734639054.02,413496631324.511,744967695772.268,683795072700.854,584446632105.36,8775625514.72521,8343783101.04055,,,,,,,19.7793344122101,19.1665144181153,24.6090643280608,24.3838474898026,59.6391872261515,59.0383366983105,31361265,30148800,64.4869692516754,64.6409575812933
Pakistan,PAK,21.2989938380045,256728822531.884,240196215158.276,1060747879309.42,950381922984.568,698014005406.787,50137402309.0477,47935231729.985,8369637000000,7318465000000,2647.09396185803,2782.02158532137,6963656000000,5683544944400,39.8600006103516,36.9199981689453,24.2900009155273,24.9599990844727,50.4199981689453,50.560001373291,216565318,207896686,60.2075429118137,60.6232143782136
Panama,PAN,0.533343037938477,50575748118.1681,47351362273.1988,139499000472.05,125070740811.579,55199558081.409,1229637692.39671,1171781078.57887,1420100000,1483400000,39568.8891449751,38082.6759625771,19721600000,18259000000,14.4899997711182,14.4099998474121,18.5499992370605,17.7199993133545,64.1100006103516,62.3899993896484,4246439,4106771,64.7506105164425,64.9070432896834
Peru,PER,1.47559466357416,210883429892.024,198548455312.494,436174432412.672,393259049121.626,282451550068.956,13550193320.884,12250611307.8882,52697000000,46644000000,24168.4587135761,24313.2329565139,228812000000,215326000000,27.6900005340576,27.3700008392334,15.6499996185303,15.1999998092651,75.5,74.5,32510453,31444297,65.8267009172855,66.3520253009086
Philippines,PHL,17.7789734881264,360858880823.878,320009299956.437,1005742409808.28,854095492048.794,528683546571.312,34074206110.9476,33296379082.5266,1722211131100,1685956185500,13903.0011759237,13633.7440800781,5887300465200,4987947862400,25.4400005340576,22.8600006103516,18.2700004577637,19.1200008392334,58.689998626709,58.1500015258789,108116615,105173264,63.5948947887491,64.209122714395
Palau,PLW,0.770558620457376,217497826.947039,218285405.381372,330579975.820638,317717242.815933,241309350.208334,,7271273.26061542,,9168800,,,,23839500,,,,,,,18008,17808,,
Papua New Guinea,PNG,1.81814817137325,21852485468.7968,20692804468.4443,39909915284.9113,36190433384.8304,22222378559.1812,,3305445161.87552,,12799757910.8453,,30198.8660631744,,26368768783.2394,58.1500015258789,56.1500015258789,11.9200000762939,13.2299995422363,45.9000015258789,45.8800010681152,8776109,8438029,60.4823563208311,61.0046092180487
Poland,POL,1.803438,660941995821.311,600104964680.131,1296589036220.24,1141694288588.02,802269886738.552,11490991277.8165,12649354956.3891,53679000000,57154000000,33555.2810241949,31564.5575429306,655391900000,564148000000,10.2200002670288,9.14999961853027,31.6700000762939,32.1300010681152,55.0299987792969,54.2700004577637,37965475,37974826,68.1894244434854,66.6977162655768
Pre-demographic dividend,PRE,,1414145422385.15,1346582774821.77,3456021919119.77,3138278441285.53,2292684155235.27,261985667985.831,250520469890.748,,,13946.0943492281,14159.3575402493,,,53.7312063680842,52.6106966638871,10.5908229827483,10.5400466684287,60.4697483288686,60.1726553934961,944902749,894512725,53.2591078971081,53.7580946332923
Puerto Rico,PRI,0.854823157612692,88415695429.6952,91648383879.2544,115117035256.193,114269283455.236,115089652314.468,,,715700000,847300000,,,50934200000,50031400000,1.12999999523163,1.0900000333786,15.6800003051758,15.210000038147,36.5,36.0999984741211,3193694,3325286,64.8266710750531,64.0421312002967
"Korea, Dem. People's Rep.",PRK,,,,,,,,,,,,,,,44.5900001525879,43.8199996948242,13.1800003051758,12.7299995422363,78.5699996948242,78.5299987792969,25666161,25429985,70.0354485333659,70.7486289048058
Portugal,PRT,0.622647,253228421113.571,240828148981.674,378124291131.23,340370495824.127,288463252854.346,5172447428.11787,5055408599.75072,4383943000,4106796000,39687.1407465861,39125.9807044709,40313715000,37459749000,6.40000009536743,5.5,24.7399997711182,24.6800003051758,55.439998626709,53.7900009155273,10286263,10300300,64.7752200096282,64.3912242168073
Paraguay,PRY,2065.92529178072,37409557615.771,36205628582.2474,93316501354.1161,86486123430.181,62436669855.2385,4383893169.42946,4362450684.11253,23992908912900,22534892985600,20602.7954859431,19845.9896922953,76741350536700,75364387746800,20.1800003051758,18.7199993133545,20.0900001525879,18.1399993896484,67.870002746582,67.3099975585938,7044636,6867062,64.0546370565225,64.1998394239248
West Bank and Gaza,PSE,0.650784095218416,13771659441.9981,13476822019.5986,30432042950.9903,28518507331.4937,15598299788.2748,965446925.106556,950056383.194642,,1135500000,8173.11603499469,8549.83072892448,,3101700000,6.71000003814697,6.05000019073486,30.8600006103516,30.3700008392334,33.1399993896484,32.689998626709,4685306,4454805,57.6431883286811,58.1769254549907
Pacific island small states,PSS,,8539576334.56076,8248998738.16223,19063166365.0954,17659725170.9789,11140389445.7001,,,,,,,,,32.3756410892984,31.3392015820003,13.9871265717813,14.5509868525227,63.2163278142936,63.1697535730145,2493696,2422086,60.4279565258858,60.4816794626923
Post-demographic dividend,PST,,49746025348666.3,47965512794376.1,56768570238096.1,52456787524695.5,40743686336960.9,,605978013757.165,,,,93531.361848062,,,3.21837880482131,3.06296858926444,22.0408201245927,21.9594010845743,57.5648963767199,56.6839590741721,1113006461,1105793276,65.2248175819654,64.6877745085157
French Polynesia,PYF,,,,,,,,,,,,,,,7.26000022888184,6.82999992370605,16.5,16.6399993896484,47.3400001525879,48.1699981689453,279287,276103,69.2034103338621,68.7554379545056
Qatar,QAT,1.85801575212433,179217942561.528,175670714339.031,266295288558.692,249963056673.094,245124506925.882,363046673.804128,304864063.604748,1472375141.70218,1259246067,,,364105665518.496,332418684865.757,1.25,1.16999995708466,54.5099983215332,53.7000007629395,86.7099990844727,86.7099990844727,2832067,2724724,85.2571339230925,84.8809367857469
Romania,ROU,1.53646731403334,234057305195.069,215100574411.243,626658664084.763,531674447991.488,343980308056.545,12174383243.391,11426189297.0073,43479700000,37003600000,26839.8049916914,25895.3910624504,298471200000,247863500000,22.7800006866455,21.2399997711182,30.1200008392334,30.0699996948242,52.9700012207031,52.2900009155273,19366221,19587290,66.6687883755184,65.6359760773252
Russian Federation,RUS,15.821142,1762462643295.84,1696106853061.04,4315442962880.7,3807101264909.28,2927003701117.15,66201678838.7208,65190140085.0907,3794710942300,3263769427600,28900.2563917147,27445.527969926,35397762395700,28171337404700,5.90000009536743,5.82999992370605,26.9699993133545,26.7900009155273,58.6599998474121,59.0800018310547,144406261,144496739,68.1027136368961,66.7509502286713
Rwanda,RWA,263.453660797428,11380725067.3896,9578362180.75155,29362809494.8803,23665375199.0851,13555188374.2694,2301478643.34632,2065098952.65483,2193037000000,2027081000000,3948.21927918946,3419.65831304838,1759278000000,1329888000000,64.620002746582,62.2900009155273,8.31999969482422,8.63000011444092,82.7300033569336,82.879997253418,12626950,11980937,57.0141076329353,57.2057147608884
South Asia,SAS,,3547700986303.83,3210838392648.47,11932470853120.6,10343182994577.2,6563751428514.07,489618760601.24,459614123945.615,,,6153.68329650878,6003.14184987891,,,43.4223919137231,41.8319766590961,24.0282487145034,24.3791286117382,48.5329107383916,48.8820513907218,1835776742,1792835608,65.4890642651161,65.9992306277908
Saudi Arabia,SAU,1.40180079117116,703949827121.995,684951905059.215,1680540365363.9,1565891922021,1413023526531.81,16375929120.3151,16112535841.8625,66411063139.5232,65290177042.5958,117374.203008036,121987.140885013,1410428487628.26,1183875043905.63,3.55999994277954,2.41000008583069,24.7299995422363,24.7999992370605,52.4500007629395,52.6500015258789,34268528,33099147,71.5334036893369,71.7211314124727
Sudan,SDN,1.03899304250417,64784090846.2677,68004910084.6504,175727350867.255,176646781224.527,145671812811.386,18470825492.1249,18941946222.8783,214184000000,199221000000,12038.1221846291,12502.5754733111,17706000000,15549000000,39.5200004577637,38.3699989318848,17.6800003051758,16.8199996948242,40.4000015258789,40.2400016784668,42813238,40813396,55.6101688864566,56.2169766276496
Senegal,SEN,237.898137948056,25821124786.0107,23057246299.0478,57772245556.4003,49402166472.861,33757939111.9636,3557745655.57659,3203646236.94673,2043404627500,1826579000000,11747.5084461668,11075.2259041904,3368078566600,2837969000000,31.6200008392334,30.1000003814697,13.0299997329712,13.1199998855591,42.7000007629395,42.6500015258789,16296364,15419381,53.6891458819127,54.0616544893082
Singapore,SGP,0.855410660612458,335538884575.285,322024690203.145,579762512267.435,532832748112.696,382249269334.437,106058576.87218,100980532.835892,150600000,140200000,153523.282255992,142311.589738859,124311500000,110236100000,0.0599999986588955,0.0299999993294477,16.4300003051758,15.5500001907349,68.3300018310547,68,5703569,5612253,77.2076444440396,75.2753673675391
Solomon Islands,SLB,5.94232259346525,1171806612.54175,1114029596.40147,1862535119.98378,1695663684.32609,1149213946.66621,,,,,,,,,38.7599983215332,37.2599983215332,11.0500001907349,12.1300001144409,83.3399963378906,83.3399963378906,669823,636038,56.0737627724086,56.2379912305191
Sierra Leone,SLE,1409.53260427739,3816410757.73498,3496685932.65603,14019367329.8187,12300546132.4661,7275897099.70394,1932480534.04967,1761160941.66205,20181178000000,16647096000000,1922.59211705867,1932.92935996799,1944952000000,1424167000000,56.1399993896484,54.4900016784668,6.55000019073486,6.76000022888184,55.3699989318848,55.4300003051758,7813215,7488431,55.661599244594,56.3279520658269
El Salvador,SLV,0.486892676946985,23054399017.7715,21983529060.5301,59142593412.4147,54005555164.8727,37889089061.0143,1238185856.86943,1242834159.23328,1372980000,1347130000,9678.06882112661,9502.61148844225,6926390000,6287610000,18.5799999237061,16.2900009155273,21.8899993896484,22.5100002288818,56.7799987792969,56.5999984741211,6453553,6388122,64.4496680247071,64.6719721678895
San Marino,SMR,0.723987959411031,,1668154568.16052,,1982111206.95374,1959977347.07407,,,,,,,,,,,,,,,33860,33671,,
Somalia,SOM,,,,,,,,,,,,,,,80.6900024414063,80.2799987792969,2.46000003814697,2.41000008583069,41.6300010681152,41.310001373291,15442905,14589119,50.3933360472169,50.7312905182024
Serbia,SRB,34.8067731494086,50213615458.7398,46095189764.125,131472655543.298,116623606708.308,93389332186.7796,3143703488.63588,2775669701.13366,322559900000,286315000000,16516.3721884735,17153.4913585577,1385532100000,1241690500000,17.2199993133545,15.6099996566772,25.2999992370605,27.4300003051758,49.5,47.1300010681152,6945235,7020858,66.2793608065934,65.7185540515046
Sub-Saharan Africa (excluding high income),SSA,,1818641581473.11,1736855008442.17,4313584221451.11,3911960328940.71,2747930981052.12,303065341922.271,289546500757.492,,,11374.1121054344,11531.6225095564,,,53.9471224353683,52.9334545642891,10.7330196854431,10.6686962296139,62.9231644202535,62.7393057421101,1105594559,1048802516,54.2389436029048,54.6937175214072
South Sudan,SSD,1.17170199854119,,,,,28724297425.3721,,,,,,,,,61.6599998474121,60.3800010681152,16.0799999237061,16.3899993896484,63.5900001525879,63.5900001525879,11062113,10910759,54.5274056452331,55.0551418160346
Sub-Saharan Africa,SSF,,1833900426453.77,1751098510081.93,4346789880876.62,3941648982743.18,2769295830051.47,303525765548.323,289984756661.499,,,11397.837204564,11550.1638080264,,,53.8756444514392,52.8671242920072,10.7540747461532,10.6870731430294,62.9088643418994,62.7258717097535,1106957895,1050162972,54.2601107315066,54.7132805578145
Small states,SST,,507042937239.139,488765529591.321,886414634796.912,815543612293.505,698502460515.723,13845305137.7482,13285285845.0711,,,,,,,18.8827253698857,18.2423792522781,23.1284563230673,22.9886198739374,59.5715662541282,58.9158887995471,41256344,39885872,64.780088693558,64.9103423807321
Sao Tome and Principe,STP,7.03906216126956,277211853.719627,265820826.172619,891455945.820857,818599653.52312,518907735.221651,25596989.0543596,26727601.8975266,1150356127.09773,919973616.323357,4102.98798286277,4206.25798177674,1138033965.62342,1302931087.24463,20.1000003814697,19.1399993896484,18.1599998474121,17.9400005340576,50.2299995422363,50.6199989318848,215056,207089,54.2375500388722,54.8931441113013
Suriname,SUR,1.67292492197053,4678196479.82914,4548513415.19322,10032011815.5246,9340573047.34732,7168881186.77406,519701626.218953,540308352.080133,2685000000,2832000000,36946.6732032098,36541.5606605047,8208000000,8118000000,8.14000034332275,8.07999992370605,24.4300003051758,24.3299999237061,48.0800018310547,48.1300010681152,581363,570501,65.7618984182185,66.0730134922219
Slovak Republic,SVK,0.501703,114530788157.148,107871883701.478,177505000917.165,163684719992.72,135914379623.004,3134469288.3053,2658573602.93073,2314816000,2027962000,39140.9155782934,36659.6339974381,26958817000,24503331000,2.71000003814697,2.78999996185303,37.1599998474121,36.0900001525879,56.2400016784668,55.0999984741211,5454147,5439232,69.5812514914004,68.2998922670699
Slovenia,SVN,0.637413,57265665047.4963,53167285644.1592,86028601802.2563,75434893334.9002,57049211421.794,1139528329.96608,951818160.936991,970670000,782651000,46827.2934813406,44526.1352205374,13979532000,12197948000,5.55999994277954,4.28000020980835,33.25,34.0999984741211,55.4099998474121,54.6800003051758,2088385,2066388,66.0745022380146,64.7080755142511
Sweden,SWE,9.017736,596689588251.79,577988245098.533,565620090460.283,522476835542.435,396283612649.561,9154909811.29511,9612363882.2459,72528000000,66765000000,138142.386341128,139731.018540943,1113848000000,1023458000000,1.83000004291534,1.69000005722046,18.1599998474121,18.4200000762939,60.0299987792969,60,10278887,10057698,62.5134176068078,62.175940147338
Eswatini,SWZ,3.92704241264159,5531910970.77198,5285160250.74126,10337032575.0281,9457434167.51664,8275231608.24235,507859831.644556,482709721.503709,5462896500,4946164000,29763.288761081,28934.9977016319,22029411000,19883211100,12.8599996566772,12.1499996185303,24.1200008392334,23.3899993896484,40.7799987792969,40.25,1148130,1124753,57.6476811536222,58.1537804952401
Sint Maarten (Dutch part),SXM,1.37002624155288,,,,1538327625.27772,1165817085.51044,,,,1700000,,,,183600000,,,,,,,40733,40574,,
Seychelles,SYC,6.72527830864875,1469133918.63391,1344554703.28867,2979190617.74441,2611017882.33862,1740448419.0561,37100885.8731373,26364176.4643686,550982200,391300000,,,2625093800,2313983000,,,,,,,97625,95843,69.0918708125039,68.4557853057633
Syrian Arab Republic,SYR,,,,,,,,,,,,,,,11.2200002670288,10.1300001144409,22.4200000762939,23.1900005340576,40.7700004577637,40.5,17070135,17068002,63.8521268358002,64.2501128432786
Turks and Caicos Islands,TCA,,,,1166655326.87141,1004380845.71015,,,,4315000,4766000,,,142093000,111805000,,,,,,,38191,37115,,
Chad,TCD,242.698898238999,12976290262.3871,12276724556.67,26304837163.7321,23832085166.556,21749239338.5403,6919116609.49882,6360416535.53335,2823822200000,2822863000000,16015.2501136636,16100.5914408703,946040800000,849450000000,75.6399993896484,75.0599975585938,1.97000002861023,1.87999999523163,69.2399978637695,69.5199966430664,15946876,15016773,50.1327084490236,50.687413635122
East Asia & Pacific (IDA & IBRD countries),TEA,,14304627693572.6,12712765509572.2,31459833180717.1,26806502890342.1,17079139293671.9,1109755808470.95,1042992403435.18,,,22467.6678200589,20000.9932167154,,,28.8242410166085,27.058419958716,26.286899389698,25.9566095819398,65.301697021568,65.9071648750547,2067984156,2042687863,70.3278822114815,69.686912745753
Europe & Central Asia (IDA & IBRD countries),TEC,,4820006239341.66,4562134865092.04,11062827438794.3,10005407869468.7,7011894863696.27,257412082349.873,248089711283.645,,,27225.3404654046,26178.4595546673,,,14.5838182341144,13.6889222870001,26.189482371242,26.2349982169666,54.0239812254868,54.2126892322825,460786185,456976355,67.3788900100726,66.5084994622193
Togo,TGO,230.913948548105,5625948587.72445,5089832318.44961,13475732998.1384,11674937852.981,7348529660.80782,1449547783.01794,1371548702.95141,725255300000,660981543300,1052.64669003564,1027.00190283345,496235100000,429022469200,33.7900009155273,32.3800010681152,19.3299999237061,19.2099990844727,56.689998626709,56.8800010681152,8082366,7698475,55.5121963131914,56.1142987090661
Thailand,THA,12.1896823596814,452674624298.251,424635143108.232,1342165126131.37,1205674840385.1,886663383104.143,40112026414.4834,38078472087.3466,1347421000000,1300994000000,17959.3347039993,17545.1889301155,5638833000000,5428537000000,31.4599990844727,31.4300003051758,22.8500003814697,22.8400001525879,66.2600021362305,66.7300033569336,69625582,69209858,71.20921441628,70.7702134540146
Tajikistan,TJK,1.4096497608483,10450075054.3824,9101022171.46939,32896772530.2478,27435856244.3022,17527119633.6966,,1716300712.4354,,12985000000,,8391.0871604782,,16525300000,46.6800003051758,44.7200012207031,15.4399995803833,15.789999961853,37.0400009155273,38.2900009155273,9321018,8880268,60.564872591683,59.8429592132533
Turkmenistan,TKM,1.28959600017329,,42134998872.4689,,81787812382.0508,49908653556.1147,,,,,,,,,22.6800003051758,20.6800003051758,38.7299995422363,39.8300018310547,55.7000007629395,55.939998626709,5942089,5757669,64.8121886868414,64.6492841154012
Latin America & the Caribbean (IDA & IBRD countries),TLA,,5998518431036.33,5850209583983.22,10619896242595.8,9918278978253.39,7663558259600.54,309428100116.43,299754082077.544,,,24616.6145481976,25056.9201556128,,,13.8142937800144,13.504326571825,20.8574024897329,20.3982657556514,59.4192537639303,59.0086041800409,630644772,618641500,66.8802667693062,67.0912469227245
Timor-Leste,TLS,0.410481503173576,1264348739.36825,1076295257.88554,4797227439.90584,3910653344.65354,2148274387.96216,202881976.377583,192421330.578685,286250000,271320000,2195.80632201952,1325.13222898084,592720600,250132300,41.0299987792969,39.2799987792969,13.4499998092651,16.3199996948242,64.3399963378906,63.9900016784668,1293119,1243261,57.3380585526093,58.4213827188372
Middle East & North Africa (IDA & IBRD countries),TMN,,1611527146942.56,1624004787353.76,4301462837948.13,4087730558588.84,3830175657182.33,146955086933.961,139750932558.141,,,21079.977951087,23558.2276342977,,,20.5308951457345,18.8098721674672,26.6275563703752,26.5017900361246,39.2926468724788,39.2086697931159,384771780,372091950,63.6921656879761,63.4779795961128
Tonga,TON,1.47599090543374,455079252.29074,450411896.932834,696530875.137868,660172840.61352,479405189.68988,73852889.3978861,71040523.2247968,,171023231.85505,7648.03749547802,8840.07822457934,,166383634.39408,20.6100006103516,19.3700008392334,30.3899993896484,30.8700008392334,45.4500007629395,46.25,104494,101998,58.252122590639,58.9852048921469
South Asia (IDA & IBRD),TSA,,3547700986303.83,3210838392648.47,11932470853120.6,10343182994577.2,6563751428514.07,489618760601.24,459614123945.615,,,6153.68329650878,6003.14184987891,,,43.4223919137231,41.8319766590961,24.0282487145034,24.3791286117382,48.5329107383916,48.8820513907218,1835776742,1792835608,65.4890642651161,65.9992306277908
Sub-Saharan Africa (IDA & IBRD countries),TSS,,1833900426453.77,1751098510081.93,4346789880876.62,3941648982743.18,2769295830051.47,303525765548.323,289984756661.499,,,11397.837204564,11550.1638080264,,,53.8756444514392,52.8671242920072,10.7540747461532,10.6870731430294,62.9088643418994,62.7258717097535,1106957895,1050162972,54.2601107315066,54.7132805578145
Trinidad and Tobago,TTO,3.48407562607008,21071140165.8582,21123530070.597,38130448626.3585,36605373315.5511,40546766247.8227,129047610.42839,140106199.843662,1817447328.56,1881400000,60420.7222372582,59683.2210990113,71564924900,60233200000,3.1800000667572,3.02999997138977,27.0699996948242,26.6399993896484,58.060001373291,58.8899993896484,1394973,1384072,69.096909886067,68.6206112949857
Tunisia,TUN,0.583805420102954,51515434977.5456,49660472264.9155,131350067001.886,121254603779.669,108006020205.98,4597843181.08903,4095493727.65798,11811010000,9326540000,10015.3178748673,10315.1630433104,25885320000,22804470000,14.8100004196167,13.8000001907349,33.2900009155273,33.4599990844727,39.4099998474121,39.5999984741211,11694719,11433443,67.8360402898759,67.18043417717
Turkey,TUR,0.919607,1261905557967.35,1214507911332.26,2279166087282.03,2264269908065.85,1269742921873.41,89660226407.0442,84643618084.7093,277494885043.848,189232799631.264,44427.0356965875,43904.8723700536,1174751453954.81,912901992290.505,19.3799991607666,18.1100006103516,26.5400009155273,25.3199996948242,45.5400009155273,46.8499984741211,83429615,81101892,66.7415314649495,66.9828933047336
Tuvalu,TUV,1.12618221902335,45924328.5738911,40821625.3990143,52067608.6375677,44321002.3239311,30806737.5012256,,,,,,,,,,,,,,,11646,11370,,
Tanzania,TZA,496.869784664853,55482146264.3125,49736720777.9095,156413869234.326,134274523119.768,89922723442.7979,,11144747392.862,,34158268458700,,8772.2383311446,,29829300168800,66.2300033569336,65.0899963378906,6.38000011444092,6.46999979019165,81.7799987792969,81.9700012207031,58005463,54663906,53.0998902147314,53.5356523229545
Uganda,UGA,799.012263867663,42611043087.0449,37580777453.7616,101123516709.133,85406362066.3514,67439350053.2361,11117783552.8778,10107697326.0464,30291051521800,25457068580100,10903.2630064699,9977.45466483073,34559621177100,28248325605000,72.6800003051758,72.129997253418,6.59000015258789,6.51000022888184,68.8399963378906,69.2200012207031,44269594,41162465,50.7597569174302,51.5374344747774
Ukraine,UKR,2.8537406771314,135536959161.566,126968015121.443,562213446947.618,504350302211.014,378221472136.342,14699018566.8896,13423939204.2923,358072000000,303949000000,5965.66573001563,5818.91746517743,896808000000,697318000000,15.4099998474121,13.8199996948242,24.2999992370605,24.9599990844727,49.7200012207031,49.3300018310547,44386203,44831135,68.2158166427496,67.3552912355191
Upper middle income,UMC,,24176721916744.9,22402842776829.2,49851326651111.2,44175427935100.8,30964671976423.2,1560504591600.84,1478282009935.2,,,25139.5316683301,23366.6359345048,,,22.8029367237133,21.5065013250786,25.8661661098751,25.3322643124196,61.203778445264,61.6305904744319,2855841764,2817789345,69.4715514725902,68.9364924695722
Uruguay,URY,14.3040061605843,50531997748.8587,49616180349.7098,77941611168.2002,73285946717.2745,56493159591.7129,3246474739.62468,3181914402.28035,116571844206.291,87213415778.7227,34839.0829302187,32826.40384232,477713711296.146,422548893683.465,8.73999977111816,8.40999984741211,19.7399997711182,18.8299999237061,57.9300003051758,59.1500015258789,3461734,3436646,64.5227418284307,64.6006885566598
United States,USA,1,18300385513295.6,17403783207186.7,21433226000000.1,19519353692000.1,14992052727000,,185774179294.326,,183843154000,,105779.857856088,,3580618111000,1.42999994754791,1.36000001430511,19.7299995422363,19.9099998474121,60.2700004577637,59.5800018310547,328239523,324985539,65.7221060220984,65.2410767325889
Uzbekistan,UZB,505.899303406019,82574625978.6571,74182244738.0189,245421341368.981,211134957472.626,146357242837.664,20088733446.7347,19540392482.7788,130599900000000,90983861800000,6714.27010405459,5571.12992838131,169704300000000,74798969800000,27.1499996185303,25.7099990844727,23.0499992370605,23.0200004577637,58.25,58.4700012207031,33580350,32388600,67.2169165092944,66.6069709653676
St. Vincent and the Grenadines,VCT,1.67562482014238,758962832.149068,739234446.845073,1441824114.50404,1344833245.17848,1097686055.90583,49721600.303375,48859457.7171028,159530000,148300000,11926.6032228577,12466.9231753168,310860000,320890000,10.5799999237061,10.0799999237061,19.9899997711182,19.8799991607666,54.810001373291,54.5299987792969,110589,109827,67.6054157902884,68.06553997233
"Venezuela, RB",VEN,2.1357807380429,,,,,476095101846.347,,,,,,,,,7.44999980926514,7.8600001335144,17.75,15.3400001525879,53.7999992370605,56.9199981689453,28515829,29390409,65.0856982015533,64.9847844157012
British Virgin Islands,VGB,,,,,,,,,,,,,,,,,,,,,30030,29577,,
Virgin Islands (U.S.),VIR,,,3141963923.60293,,,,,,,,,,,,2.02999997138977,1.92999994754791,19.1599998474121,18.7399997711182,55.3899993896484,55.9300003051758,106669,107281,61.3607507326899,60.6312991260112
Vietnam,VNM,5821.99552088767,200857611961.483,175284081081.177,809994333862.167,676909526449.601,370633744436.65,27434281699.6543,25918398914.8783,842601000000000,768161000000000,4719.14484783755,4292.68359072124,2.082261E+15,1.671952E+15,40.1599998474121,37.2200012207031,25.7800006866455,27.4400005340576,75.7900009155273,76.1699981689453,96462106,94596642,69.8714209653194,69.2324994438749
Vanuatu,VUT,99.5263775767412,865850906.762071,814845638.905305,987374699.192589,889833369.232749,682351770.992923,,,,,,,,,58.5699996948242,56.7799987792969,12.6700000762939,14.0799999237061,68.7300033569336,68.7099990844727,299882,285510,57.4638366431999,57.6733515182639
World,WLD,,84847750377759.5,80508418354625.1,135313235664839,121976239905282,89311280579106.5,3260944200361.86,3114546607396.39,,,25457.7054420747,30028.5092376469,,,27.8024175282985,26.7560741055127,22.8574395669678,22.6649678987199,57.5458739950882,57.6410077718415,7673656872,7509105465,65.4189161311374,65.2520357663069
Samoa,WSM,1.6882604174656,762625022.856476,751773366.694312,1339408943.63804,1267070039.56766,996867119.899938,66716106.6574639,77058407.1247227,217640400,222249200,9820.30711437791,10501.5704894328,347752200,355784900,31.4099998474121,30.2099990844727,24.5400009155273,24.8899993896484,40.1300010681152,40.25,197097,195352,56.770342765879,57.2027986219983
Kosovo,XKX,0.318523338324668,8006622220.84999,7403499525.95042,21299154809.989,18860124253.0502,13820023434.2423,670126616.233474,755345720.179234,489293952,586200000,,,1880220481,1639731000,,,,,,,1788878,1791003,,
"Yemen, Rep.",YEM,70.4226754114851,18415400223.2268,17902354868.0681,,,96372554583.3659,1748187305.54884,1763560680.77198,719339895500,602775000000,11177.2601851315,11084.6620384691,5122250686100,4224374000000,28.8999996185303,27.5499992370605,10.4499998092651,10.1999998092651,33.3899993896484,32.9199981689453,29161922,27834821,57.1469676163513,57.8744844046973
South Africa,ZAF,4.57740124801669,430166850678.94,426157392310.139,763258133431.533,724100740041.47,600342463333.464,9431398515.53692,10634525875.9528,95690000000,109882000000,28570.4737905404,27996.4378331467,1320143000000,1223572000000,5.28000020980835,5.28000020980835,23.3400001525879,22.3099994659424,40.1199989318848,40.9900016784668,58558267,57009751,65.6305615480971,65.6164193375248
Zambia,ZMB,2.24767887628289,29539096537.4914,27990035646.5365,64728818156.9951,58735190955.7239,43251692412.9177,1843822309.31188,2171938733.81835,8595000000,9909848300,12999.8700881133,13528.8844458963,104983000000,91861956700,50.7099990844727,49.6399993896484,10.6899995803833,10.5299997329712,65.620002746582,66.1600036621094,17861030,16853688,52.5038242573589,53.4221766605845
Zimbabwe,ZWE,0.517979748272885,17327035948.4306,17985583516.6265,43371768896.5251,43112365756.2447,23247347488.2963,,1519843967.34581,,1838424800,,7375.62644223352,,4717854900,66.4800033569336,66.1900024414063,6.90000009536743,6.57000017166138,78.9100036621094,78.8399963378906,14645468,14236745,54.50594050052,54.861264931923